<?xml version="1.0" encoding="UTF-8"?>
<beans xmlns="http://www.springframework.org/schema/beans"
	xmlns:xsi="http://www.w3.org/2001/XMLSchema-instance"
	xsi:schemaLocation="http://www.springframework.org/schema/beans http://www.springframework.org/schema/beans/spring-beans.xsd">
	
	<bean id="placeHolder" class="org.springframework.beans.factory.config.PropertyPlaceholderConfigurer">
	   <property name="location" value="user.properties"></property>
	</bean>
<bean id="myUser" class="com.training.beans.MyUser">
   <property name="name" value="${user.name}"></property>
   <property name="address" value="${user.address}"></property>
</bean>
</beans>