<?xml version="1.0" encoding="UTF-8"?>
<beans xmlns="http://www.springframework.org/schema/beans"
	xmlns:xsi="http://www.w3.org/2001/XMLSchema-instance" xmlns:context="http://www.springframework.org/schema/context"
	xmlns:p="http://www.springframework.org/schema/p" xmlns:tx="http://www.springframework.org/schema/tx"
	xsi:schemaLocation="http://www.springframework.org/schema/beans http://www.springframework.org/schema/beans/spring-beans.xsd
		http://www.springframework.org/schema/context http://www.springframework.org/schema/context/spring-context.xsd
		http://www.springframework.org/schema/tx http://www.springframework.org/schema/tx/spring-tx.xsd">
	<context:annotation-config></context:annotation-config>
	<context:component-scan base-package="com.training"></context:component-scan>
	<bean id="placeHolder" class="org.springframework.beans.factory.config.PropertyPlaceholderConfigurer">
	   <property name="location" value="data.properties"></property>
	</bean>
<bean id="dataSource" class="org.springframework.jdbc.datasource.DriverManagerDataSource">
		<property name="driverClassName" value="${jdbc.driverclass}" />
		<property name="url" value="${jdbc.url}" />
		<property name="username" value="${jdbc.username}" />
		<property name="password" value="${jdbc.password}" />
</bean>	
<bean id="jdbcTemplate"  
           class="org.springframework.jdbc.core.JdbcTemplate">
     <property name="dataSource" ref="dataSource"></property>
</bean>

</beans>